date_key,date_actual,day_of_week,day_of_month,month_number,month_name,quarter_number,quarter_name,year_number,is_weekend,is_month_end
20220101,2022-01-01,Saturday,1,1,January,1,Q1,2022,1,0
20220102,2022-01-02,Sunday,2,1,January,1,Q1,2022,1,0
20220103,2022-01-03,Monday,3,1,January,1,Q1,2022,0,0
20220104,2022-01-04,Tuesday,4,1,January,1,Q1,2022,0,0
20220105,2022-01-05,Wednesday,5,1,January,1,Q1,2022,0,0
20220106,2022-01-06,Thursday,6,1,January,1,Q1,2022,0,0
20220107,2022-01-07,Friday,7,1,January,1,Q1,2022,0,0
20220108,2022-01-08,Saturday,8,1,January,1,Q1,2022,1,0
20220109,2022-01-09,Sunday,9,1,January,1,Q1,2022,1,0
20220110,2022-01-10,Monday,10,1,January,1,Q1,2022,0,0
20220111,2022-01-11,Tuesday,11,1,January,1,Q1,2022,0,0
20220112,2022-01-12,Wednesday,12,1,January,1,Q1,2022,0,0
20220113,2022-01-13,Thursday,13,1,January,1,Q1,2022,0,0
20220114,2022-01-14,Friday,14,1,January,1,Q1,2022,0,0
20220115,2022-01-15,Saturday,15,1,January,1,Q1,2022,1,0
20220116,2022-01-16,Sunday,16,1,January,1,Q1,2022,1,0
20220117,2022-01-17,Monday,17,1,January,1,Q1,2022,0,0
20220118,2022-01-18,Tuesday,18,1,January,1,Q1,2022,0,0
20220119,2022-01-19,Wednesday,19,1,January,1,Q1,2022,0,0
20220120,2022-01-20,Thursday,20,1,January,1,Q1,2022,0,0
20220121,2022-01-21,Friday,21,1,January,1,Q1,2022,0,0
20220122,2022-01-22,Saturday,22,1,January,1,Q1,2022,1,0
20220123,2022-01-23,Sunday,23,1,January,1,Q1,2022,1,0
20220124,2022-01-24,Monday,24,1,January,1,Q1,2022,0,0
20220125,2022-01-25,Tuesday,25,1,January,1,Q1,2022,0,0
20220126,2022-01-26,Wednesday,26,1,January,1,Q1,2022,0,0
20220127,2022-01-27,Thursday,27,1,January,1,Q1,2022,0,0
20220128,2022-01-28,Friday,28,1,January,1,Q1,2022,0,0
20220129,2022-01-29,Saturday,29,1,January,1,Q1,2022,1,0
20220130,2022-01-30,Sunday,30,1,January,1,Q1,2022,1,0
20220131,2022-01-31,Monday,31,1,January,1,Q1,2022,0,1
20220201,2022-02-01,Tuesday,1,2,February,1,Q1,2022,0,0
20220202,2022-02-02,Wednesday,2,2,February,1,Q1,2022,0,0
20220203,2022-02-03,Thursday,3,2,February,1,Q1,2022,0,0
20220204,2022-02-04,Friday,4,2,February,1,Q1,2022,0,0
20220205,2022-02-05,Saturday,5,2,February,1,Q1,2022,1,0
20220206,2022-02-06,Sunday,6,2,February,1,Q1,2022,1,0
20220207,2022-02-07,Monday,7,2,February,1,Q1,2022,0,0
20220208,2022-02-08,Tuesday,8,2,February,1,Q1,2022,0,0
20220209,2022-02-09,Wednesday,9,2,February,1,Q1,2022,0,0
20220210,2022-02-10,Thursday,10,2,February,1,Q1,2022,0,0
20220211,2022-02-11,Friday,11,2,February,1,Q1,2022,0,0
20220212,2022-02-12,Saturday,12,2,February,1,Q1,2022,1,0
20220213,2022-02-13,Sunday,13,2,February,1,Q1,2022,1,0
20220214,2022-02-14,Monday,14,2,February,1,Q1,2022,0,0
20220215,2022-02-15,Tuesday,15,2,February,1,Q1,2022,0,0
20220216,2022-02-16,Wednesday,16,2,February,1,Q1,2022,0,0
20220217,2022-02-17,Thursday,17,2,February,1,Q1,2022,0,0
20220218,2022-02-18,Friday,18,2,February,1,Q1,2022,0,0
20220219,2022-02-19,Saturday,19,2,February,1,Q1,2022,1,0
20220220,2022-02-20,Sunday,20,2,February,1,Q1,2022,1,0
20220221,2022-02-21,Monday,21,2,February,1,Q1,2022,0,0
20220222,2022-02-22,Tuesday,22,2,February,1,Q1,2022,0,0
20220223,2022-02-23,Wednesday,23,2,February,1,Q1,2022,0,0
20220224,2022-02-24,Thursday,24,2,February,1,Q1,2022,0,0
20220225,2022-02-25,Friday,25,2,February,1,Q1,2022,0,0
20220226,2022-02-26,Saturday,26,2,February,1,Q1,2022,1,0
20220227,2022-02-27,Sunday,27,2,February,1,Q1,2022,1,0
20220228,2022-02-28,Monday,28,2,February,1,Q1,2022,0,1
20220301,2022-03-01,Tuesday,1,3,March,1,Q1,2022,0,0
20220302,2022-03-02,Wednesday,2,3,March,1,Q1,2022,0,0
20220303,2022-03-03,Thursday,3,3,March,1,Q1,2022,0,0
20220304,2022-03-04,Friday,4,3,March,1,Q1,2022,0,0
20220305,2022-03-05,Saturday,5,3,March,1,Q1,2022,1,0
20220306,2022-03-06,Sunday,6,3,March,1,Q1,2022,1,0
20220307,2022-03-07,Monday,7,3,March,1,Q1,2022,0,0
20220308,2022-03-08,Tuesday,8,3,March,1,Q1,2022,0,0
20220309,2022-03-09,Wednesday,9,3,March,1,Q1,2022,0,0
20220310,2022-03-10,Thursday,10,3,March,1,Q1,2022,0,0
20220311,2022-03-11,Friday,11,3,March,1,Q1,2022,0,0
20220312,2022-03-12,Saturday,12,3,March,1,Q1,2022,1,0
20220313,2022-03-13,Sunday,13,3,March,1,Q1,2022,1,0
20220314,2022-03-14,Monday,14,3,March,1,Q1,2022,0,0
20220315,2022-03-15,Tuesday,15,3,March,1,Q1,2022,0,0
20220316,2022-03-16,Wednesday,16,3,March,1,Q1,2022,0,0
20220317,2022-03-17,Thursday,17,3,March,1,Q1,2022,0,0
20220318,2022-03-18,Friday,18,3,March,1,Q1,2022,0,0
20220319,2022-03-19,Saturday,19,3,March,1,Q1,2022,1,0
20220320,2022-03-20,Sunday,20,3,March,1,Q1,2022,1,0
20220321,2022-03-21,Monday,21,3,March,1,Q1,2022,0,0
20220322,2022-03-22,Tuesday,22,3,March,1,Q1,2022,0,0
20220323,2022-03-23,Wednesday,23,3,March,1,Q1,2022,0,0
20220324,2022-03-24,Thursday,24,3,March,1,Q1,2022,0,0
20220325,2022-03-25,Friday,25,3,March,1,Q1,2022,0,0
20220326,2022-03-26,Saturday,26,3,March,1,Q1,2022,1,0
20220327,2022-03-27,Sunday,27,3,March,1,Q1,2022,1,0
20220328,2022-03-28,Monday,28,3,March,1,Q1,2022,0,0
20220329,2022-03-29,Tuesday,29,3,March,1,Q1,2022,0,0
20220330,2022-03-30,Wednesday,30,3,March,1,Q1,2022,0,0
20220331,2022-03-31,Thursday,31,3,March,1,Q1,2022,0,1
20220401,2022-04-01,Friday,1,4,April,2,Q2,2022,0,0
20220402,2022-04-02,Saturday,2,4,April,2,Q2,2022,1,0
20220403,2022-04-03,Sunday,3,4,April,2,Q2,2022,1,0
20220404,2022-04-04,Monday,4,4,April,2,Q2,2022,0,0
20220405,2022-04-05,Tuesday,5,4,April,2,Q2,2022,0,0
20220406,2022-04-06,Wednesday,6,4,April,2,Q2,2022,0,0
20220407,2022-04-07,Thursday,7,4,April,2,Q2,2022,0,0
20220408,2022-04-08,Friday,8,4,April,2,Q2,2022,0,0
20220409,2022-04-09,Saturday,9,4,April,2,Q2,2022,1,0
20220410,2022-04-10,Sunday,10,4,April,2,Q2,2022,1,0
20220411,2022-04-11,Monday,11,4,April,2,Q2,2022,0,0
20220412,2022-04-12,Tuesday,12,4,April,2,Q2,2022,0,0
20220413,2022-04-13,Wednesday,13,4,April,2,Q2,2022,0,0
20220414,2022-04-14,Thursday,14,4,April,2,Q2,2022,0,0
20220415,2022-04-15,Friday,15,4,April,2,Q2,2022,0,0
20220416,2022-04-16,Saturday,16,4,April,2,Q2,2022,1,0
20220417,2022-04-17,Sunday,17,4,April,2,Q2,2022,1,0
20220418,2022-04-18,Monday,18,4,April,2,Q2,2022,0,0
20220419,2022-04-19,Tuesday,19,4,April,2,Q2,2022,0,0
20220420,2022-04-20,Wednesday,20,4,April,2,Q2,2022,0,0
20220421,2022-04-21,Thursday,21,4,April,2,Q2,2022,0,0
20220422,2022-04-22,Friday,22,4,April,2,Q2,2022,0,0
20220423,2022-04-23,Saturday,23,4,April,2,Q2,2022,1,0
20220424,2022-04-24,Sunday,24,4,April,2,Q2,2022,1,0
20220425,2022-04-25,Monday,25,4,April,2,Q2,2022,0,0
20220426,2022-04-26,Tuesday,26,4,April,2,Q2,2022,0,0
20220427,2022-04-27,Wednesday,27,4,April,2,Q2,2022,0,0
20220428,2022-04-28,Thursday,28,4,April,2,Q2,2022,0,0
20220429,2022-04-29,Friday,29,4,April,2,Q2,2022,0,0
20220430,2022-04-30,Saturday,30,4,April,2,Q2,2022,1,1
20220501,2022-05-01,Sunday,1,5,May,2,Q2,2022,1,0
20220502,2022-05-02,Monday,2,5,May,2,Q2,2022,0,0
20220503,2022-05-03,Tuesday,3,5,May,2,Q2,2022,0,0
20220504,2022-05-04,Wednesday,4,5,May,2,Q2,2022,0,0
20220505,2022-05-05,Thursday,5,5,May,2,Q2,2022,0,0
20220506,2022-05-06,Friday,6,5,May,2,Q2,2022,0,0
20220507,2022-05-07,Saturday,7,5,May,2,Q2,2022,1,0
20220508,2022-05-08,Sunday,8,5,May,2,Q2,2022,1,0
20220509,2022-05-09,Monday,9,5,May,2,Q2,2022,0,0
20220510,2022-05-10,Tuesday,10,5,May,2,Q2,2022,0,0
20220511,2022-05-11,Wednesday,11,5,May,2,Q2,2022,0,0
20220512,2022-05-12,Thursday,12,5,May,2,Q2,2022,0,0
20220513,2022-05-13,Friday,13,5,May,2,Q2,2022,0,0
20220514,2022-05-14,Saturday,14,5,May,2,Q2,2022,1,0
20220515,2022-05-15,Sunday,15,5,May,2,Q2,2022,1,0
20220516,2022-05-16,Monday,16,5,May,2,Q2,2022,0,0
20220517,2022-05-17,Tuesday,17,5,May,2,Q2,2022,0,0
20220518,2022-05-18,Wednesday,18,5,May,2,Q2,2022,0,0
20220519,2022-05-19,Thursday,19,5,May,2,Q2,2022,0,0
20220520,2022-05-20,Friday,20,5,May,2,Q2,2022,0,0
20220521,2022-05-21,Saturday,21,5,May,2,Q2,2022,1,0
20220522,2022-05-22,Sunday,22,5,May,2,Q2,2022,1,0
20220523,2022-05-23,Monday,23,5,May,2,Q2,2022,0,0
20220524,2022-05-24,Tuesday,24,5,May,2,Q2,2022,0,0
20220525,2022-05-25,Wednesday,25,5,May,2,Q2,2022,0,0
20220526,2022-05-26,Thursday,26,5,May,2,Q2,2022,0,0
20220527,2022-05-27,Friday,27,5,May,2,Q2,2022,0,0
20220528,2022-05-28,Saturday,28,5,May,2,Q2,2022,1,0
20220529,2022-05-29,Sunday,29,5,May,2,Q2,2022,1,0
20220530,2022-05-30,Monday,30,5,May,2,Q2,2022,0,0
20220531,2022-05-31,Tuesday,31,5,May,2,Q2,2022,0,1
20220601,2022-06-01,Wednesday,1,6,June,2,Q2,2022,0,0
20220602,2022-06-02,Thursday,2,6,June,2,Q2,2022,0,0
20220603,2022-06-03,Friday,3,6,June,2,Q2,2022,0,0
20220604,2022-06-04,Saturday,4,6,June,2,Q2,2022,1,0
20220605,2022-06-05,Sunday,5,6,June,2,Q2,2022,1,0
20220606,2022-06-06,Monday,6,6,June,2,Q2,2022,0,0
20220607,2022-06-07,Tuesday,7,6,June,2,Q2,2022,0,0
20220608,2022-06-08,Wednesday,8,6,June,2,Q2,2022,0,0
20220609,2022-06-09,Thursday,9,6,June,2,Q2,2022,0,0
20220610,2022-06-10,Friday,10,6,June,2,Q2,2022,0,0
20220611,2022-06-11,Saturday,11,6,June,2,Q2,2022,1,0
20220612,2022-06-12,Sunday,12,6,June,2,Q2,2022,1,0
20220613,2022-06-13,Monday,13,6,June,2,Q2,2022,0,0
20220614,2022-06-14,Tuesday,14,6,June,2,Q2,2022,0,0
20220615,2022-06-15,Wednesday,15,6,June,2,Q2,2022,0,0
20220616,2022-06-16,Thursday,16,6,June,2,Q2,2022,0,0
20220617,2022-06-17,Friday,17,6,June,2,Q2,2022,0,0
20220618,2022-06-18,Saturday,18,6,June,2,Q2,2022,1,0
20220619,2022-06-19,Sunday,19,6,June,2,Q2,2022,1,0
20220620,2022-06-20,Monday,20,6,June,2,Q2,2022,0,0
20220621,2022-06-21,Tuesday,21,6,June,2,Q2,2022,0,0
20220622,2022-06-22,Wednesday,22,6,June,2,Q2,2022,0,0
20220623,2022-06-23,Thursday,23,6,June,2,Q2,2022,0,0
20220624,2022-06-24,Friday,24,6,June,2,Q2,2022,0,0
20220625,2022-06-25,Saturday,25,6,June,2,Q2,2022,1,0
20220626,2022-06-26,Sunday,26,6,June,2,Q2,2022,1,0
20220627,2022-06-27,Monday,27,6,June,2,Q2,2022,0,0
20220628,2022-06-28,Tuesday,28,6,June,2,Q2,2022,0,0
20220629,2022-06-29,Wednesday,29,6,June,2,Q2,2022,0,0
20220630,2022-06-30,Thursday,30,6,June,2,Q2,2022,0,1
20220701,2022-07-01,Friday,1,7,July,3,Q3,2022,0,0
20220702,2022-07-02,Saturday,2,7,July,3,Q3,2022,1,0
20220703,2022-07-03,Sunday,3,7,July,3,Q3,2022,1,0
20220704,2022-07-04,Monday,4,7,July,3,Q3,2022,0,0
20220705,2022-07-05,Tuesday,5,7,July,3,Q3,2022,0,0
20220706,2022-07-06,Wednesday,6,7,July,3,Q3,2022,0,0
20220707,2022-07-07,Thursday,7,7,July,3,Q3,2022,0,0
20220708,2022-07-08,Friday,8,7,July,3,Q3,2022,0,0
20220709,2022-07-09,Saturday,9,7,July,3,Q3,2022,1,0
20220710,2022-07-10,Sunday,10,7,July,3,Q3,2022,1,0
20220711,2022-07-11,Monday,11,7,July,3,Q3,2022,0,0
20220712,2022-07-12,Tuesday,12,7,July,3,Q3,2022,0,0
20220713,2022-07-13,Wednesday,13,7,July,3,Q3,2022,0,0
20220714,2022-07-14,Thursday,14,7,July,3,Q3,2022,0,0
20220715,2022-07-15,Friday,15,7,July,3,Q3,2022,0,0
20220716,2022-07-16,Saturday,16,7,July,3,Q3,2022,1,0
20220717,2022-07-17,Sunday,17,7,July,3,Q3,2022,1,0
20220718,2022-07-18,Monday,18,7,July,3,Q3,2022,0,0
20220719,2022-07-19,Tuesday,19,7,July,3,Q3,2022,0,0
20220720,2022-07-20,Wednesday,20,7,July,3,Q3,2022,0,0
20220721,2022-07-21,Thursday,21,7,July,3,Q3,2022,0,0
20220722,2022-07-22,Friday,22,7,July,3,Q3,2022,0,0
20220723,2022-07-23,Saturday,23,7,July,3,Q3,2022,1,0
20220724,2022-07-24,Sunday,24,7,July,3,Q3,2022,1,0
20220725,2022-07-25,Monday,25,7,July,3,Q3,2022,0,0
20220726,2022-07-26,Tuesday,26,7,July,3,Q3,2022,0,0
20220727,2022-07-27,Wednesday,27,7,July,3,Q3,2022,0,0
20220728,2022-07-28,Thursday,28,7,July,3,Q3,2022,0,0
20220729,2022-07-29,Friday,29,7,July,3,Q3,2022,0,0
20220730,2022-07-30,Saturday,30,7,July,3,Q3,2022,1,0
20220731,2022-07-31,Sunday,31,7,July,3,Q3,2022,1,1
20220801,2022-08-01,Monday,1,8,August,3,Q3,2022,0,0
20220802,2022-08-02,Tuesday,2,8,August,3,Q3,2022,0,0
20220803,2022-08-03,Wednesday,3,8,August,3,Q3,2022,0,0
20220804,2022-08-04,Thursday,4,8,August,3,Q3,2022,0,0
20220805,2022-08-05,Friday,5,8,August,3,Q3,2022,0,0
20220806,2022-08-06,Saturday,6,8,August,3,Q3,2022,1,0
20220807,2022-08-07,Sunday,7,8,August,3,Q3,2022,1,0
20220808,2022-08-08,Monday,8,8,August,3,Q3,2022,0,0
20220809,2022-08-09,Tuesday,9,8,August,3,Q3,2022,0,0
20220810,2022-08-10,Wednesday,10,8,August,3,Q3,2022,0,0
20220811,2022-08-11,Thursday,11,8,August,3,Q3,2022,0,0
20220812,2022-08-12,Friday,12,8,August,3,Q3,2022,0,0
20220813,2022-08-13,Saturday,13,8,August,3,Q3,2022,1,0
20220814,2022-08-14,Sunday,14,8,August,3,Q3,2022,1,0
20220815,2022-08-15,Monday,15,8,August,3,Q3,2022,0,0
20220816,2022-08-16,Tuesday,16,8,August,3,Q3,2022,0,0
20220817,2022-08-17,Wednesday,17,8,August,3,Q3,2022,0,0
20220818,2022-08-18,Thursday,18,8,August,3,Q3,2022,0,0
20220819,2022-08-19,Friday,19,8,August,3,Q3,2022,0,0
20220820,2022-08-20,Saturday,20,8,August,3,Q3,2022,1,0
20220821,2022-08-21,Sunday,21,8,August,3,Q3,2022,1,0
20220822,2022-08-22,Monday,22,8,August,3,Q3,2022,0,0
20220823,2022-08-23,Tuesday,23,8,August,3,Q3,2022,0,0
20220824,2022-08-24,Wednesday,24,8,August,3,Q3,2022,0,0
20220825,2022-08-25,Thursday,25,8,August,3,Q3,2022,0,0
20220826,2022-08-26,Friday,26,8,August,3,Q3,2022,0,0
20220827,2022-08-27,Saturday,27,8,August,3,Q3,2022,1,0
20220828,2022-08-28,Sunday,28,8,August,3,Q3,2022,1,0
20220829,2022-08-29,Monday,29,8,August,3,Q3,2022,0,0
20220830,2022-08-30,Tuesday,30,8,August,3,Q3,2022,0,0
20220831,2022-08-31,Wednesday,31,8,August,3,Q3,2022,0,1
20220901,2022-09-01,Thursday,1,9,September,3,Q3,2022,0,0
20220902,2022-09-02,Friday,2,9,September,3,Q3,2022,0,0
20220903,2022-09-03,Saturday,3,9,September,3,Q3,2022,1,0
20220904,2022-09-04,Sunday,4,9,September,3,Q3,2022,1,0
20220905,2022-09-05,Monday,5,9,September,3,Q3,2022,0,0
20220906,2022-09-06,Tuesday,6,9,September,3,Q3,2022,0,0
20220907,2022-09-07,Wednesday,7,9,September,3,Q3,2022,0,0
20220908,2022-09-08,Thursday,8,9,September,3,Q3,2022,0,0
20220909,2022-09-09,Friday,9,9,September,3,Q3,2022,0,0
20220910,2022-09-10,Saturday,10,9,September,3,Q3,2022,1,0
20220911,2022-09-11,Sunday,11,9,September,3,Q3,2022,1,0
20220912,2022-09-12,Monday,12,9,September,3,Q3,2022,0,0
20220913,2022-09-13,Tuesday,13,9,September,3,Q3,2022,0,0
20220914,2022-09-14,Wednesday,14,9,September,3,Q3,2022,0,0
20220915,2022-09-15,Thursday,15,9,September,3,Q3,2022,0,0
20220916,2022-09-16,Friday,16,9,September,3,Q3,2022,0,0
20220917,2022-09-17,Saturday,17,9,September,3,Q3,2022,1,0
20220918,2022-09-18,Sunday,18,9,September,3,Q3,2022,1,0
20220919,2022-09-19,Monday,19,9,September,3,Q3,2022,0,0
20220920,2022-09-20,Tuesday,20,9,September,3,Q3,2022,0,0
20220921,2022-09-21,Wednesday,21,9,September,3,Q3,2022,0,0
20220922,2022-09-22,Thursday,22,9,September,3,Q3,2022,0,0
20220923,2022-09-23,Friday,23,9,September,3,Q3,2022,0,0
20220924,2022-09-24,Saturday,24,9,September,3,Q3,2022,1,0
20220925,2022-09-25,Sunday,25,9,September,3,Q3,2022,1,0
20220926,2022-09-26,Monday,26,9,September,3,Q3,2022,0,0
20220927,2022-09-27,Tuesday,27,9,September,3,Q3,2022,0,0
20220928,2022-09-28,Wednesday,28,9,September,3,Q3,2022,0,0
20220929,2022-09-29,Thursday,29,9,September,3,Q3,2022,0,0
20220930,2022-09-30,Friday,30,9,September,3,Q3,2022,0,1
20221001,2022-10-01,Saturday,1,10,October,4,Q4,2022,1,0
20221002,2022-10-02,Sunday,2,10,October,4,Q4,2022,1,0
20221003,2022-10-03,Monday,3,10,October,4,Q4,2022,0,0
20221004,2022-10-04,Tuesday,4,10,October,4,Q4,2022,0,0
20221005,2022-10-05,Wednesday,5,10,October,4,Q4,2022,0,0
20221006,2022-10-06,Thursday,6,10,October,4,Q4,2022,0,0
20221007,2022-10-07,Friday,7,10,October,4,Q4,2022,0,0
20221008,2022-10-08,Saturday,8,10,October,4,Q4,2022,1,0
20221009,2022-10-09,Sunday,9,10,October,4,Q4,2022,1,0
20221010,2022-10-10,Monday,10,10,October,4,Q4,2022,0,0
20221011,2022-10-11,Tuesday,11,10,October,4,Q4,2022,0,0
20221012,2022-10-12,Wednesday,12,10,October,4,Q4,2022,0,0
20221013,2022-10-13,Thursday,13,10,October,4,Q4,2022,0,0
20221014,2022-10-14,Friday,14,10,October,4,Q4,2022,0,0
20221015,2022-10-15,Saturday,15,10,October,4,Q4,2022,1,0
20221016,2022-10-16,Sunday,16,10,October,4,Q4,2022,1,0
20221017,2022-10-17,Monday,17,10,October,4,Q4,2022,0,0
20221018,2022-10-18,Tuesday,18,10,October,4,Q4,2022,0,0
20221019,2022-10-19,Wednesday,19,10,October,4,Q4,2022,0,0
20221020,2022-10-20,Thursday,20,10,October,4,Q4,2022,0,0
20221021,2022-10-21,Friday,21,10,October,4,Q4,2022,0,0
20221022,2022-10-22,Saturday,22,10,October,4,Q4,2022,1,0
20221023,2022-10-23,Sunday,23,10,October,4,Q4,2022,1,0
20221024,2022-10-24,Monday,24,10,October,4,Q4,2022,0,0
20221025,2022-10-25,Tuesday,25,10,October,4,Q4,2022,0,0
20221026,2022-10-26,Wednesday,26,10,October,4,Q4,2022,0,0
20221027,2022-10-27,Thursday,27,10,October,4,Q4,2022,0,0
20221028,2022-10-28,Friday,28,10,October,4,Q4,2022,0,0
20221029,2022-10-29,Saturday,29,10,October,4,Q4,2022,1,0
20221030,2022-10-30,Sunday,30,10,October,4,Q4,2022,1,0
20221031,2022-10-31,Monday,31,10,October,4,Q4,2022,0,1
20221101,2022-11-01,Tuesday,1,11,November,4,Q4,2022,0,0
20221102,2022-11-02,Wednesday,2,11,November,4,Q4,2022,0,0
20221103,2022-11-03,Thursday,3,11,November,4,Q4,2022,0,0
20221104,2022-11-04,Friday,4,11,November,4,Q4,2022,0,0
20221105,2022-11-05,Saturday,5,11,November,4,Q4,2022,1,0
20221106,2022-11-06,Sunday,6,11,November,4,Q4,2022,1,0
20221107,2022-11-07,Monday,7,11,November,4,Q4,2022,0,0
20221108,2022-11-08,Tuesday,8,11,November,4,Q4,2022,0,0
20221109,2022-11-09,Wednesday,9,11,November,4,Q4,2022,0,0
20221110,2022-11-10,Thursday,10,11,November,4,Q4,2022,0,0
20221111,2022-11-11,Friday,11,11,November,4,Q4,2022,0,0
20221112,2022-11-12,Saturday,12,11,November,4,Q4,2022,1,0
20221113,2022-11-13,Sunday,13,11,November,4,Q4,2022,1,0
20221114,2022-11-14,Monday,14,11,November,4,Q4,2022,0,0
20221115,2022-11-15,Tuesday,15,11,November,4,Q4,2022,0,0
20221116,2022-11-16,Wednesday,16,11,November,4,Q4,2022,0,0
20221117,2022-11-17,Thursday,17,11,November,4,Q4,2022,0,0
20221118,2022-11-18,Friday,18,11,November,4,Q4,2022,0,0
20221119,2022-11-19,Saturday,19,11,November,4,Q4,2022,1,0
20221120,2022-11-20,Sunday,20,11,November,4,Q4,2022,1,0
20221121,2022-11-21,Monday,21,11,November,4,Q4,2022,0,0
20221122,2022-11-22,Tuesday,22,11,November,4,Q4,2022,0,0
20221123,2022-11-23,Wednesday,23,11,November,4,Q4,2022,0,0
20221124,2022-11-24,Thursday,24,11,November,4,Q4,2022,0,0
20221125,2022-11-25,Friday,25,11,November,4,Q4,2022,0,0
20221126,2022-11-26,Saturday,26,11,November,4,Q4,2022,1,0
20221127,2022-11-27,Sunday,27,11,November,4,Q4,2022,1,0
20221128,2022-11-28,Monday,28,11,November,4,Q4,2022,0,0
20221129,2022-11-29,Tuesday,29,11,November,4,Q4,2022,0,0
20221130,2022-11-30,Wednesday,30,11,November,4,Q4,2022,0,1
20221201,2022-12-01,Thursday,1,12,December,4,Q4,2022,0,0
20221202,2022-12-02,Friday,2,12,December,4,Q4,2022,0,0
20221203,2022-12-03,Saturday,3,12,December,4,Q4,2022,1,0
20221204,2022-12-04,Sunday,4,12,December,4,Q4,2022,1,0
20221205,2022-12-05,Monday,5,12,December,4,Q4,2022,0,0
20221206,2022-12-06,Tuesday,6,12,December,4,Q4,2022,0,0
20221207,2022-12-07,Wednesday,7,12,December,4,Q4,2022,0,0
20221208,2022-12-08,Thursday,8,12,December,4,Q4,2022,0,0
20221209,2022-12-09,Friday,9,12,December,4,Q4,2022,0,0
20221210,2022-12-10,Saturday,10,12,December,4,Q4,2022,1,0
20221211,2022-12-11,Sunday,11,12,December,4,Q4,2022,1,0
20221212,2022-12-12,Monday,12,12,December,4,Q4,2022,0,0
20221213,2022-12-13,Tuesday,13,12,December,4,Q4,2022,0,0
20221214,2022-12-14,Wednesday,14,12,December,4,Q4,2022,0,0
20221215,2022-12-15,Thursday,15,12,December,4,Q4,2022,0,0
20221216,2022-12-16,Friday,16,12,December,4,Q4,2022,0,0
20221217,2022-12-17,Saturday,17,12,December,4,Q4,2022,1,0
20221218,2022-12-18,Sunday,18,12,December,4,Q4,2022,1,0
20221219,2022-12-19,Monday,19,12,December,4,Q4,2022,0,0
20221220,2022-12-20,Tuesday,20,12,December,4,Q4,2022,0,0
20221221,2022-12-21,Wednesday,21,12,December,4,Q4,2022,0,0
20221222,2022-12-22,Thursday,22,12,December,4,Q4,2022,0,0
20221223,2022-12-23,Friday,23,12,December,4,Q4,2022,0,0
20221224,2022-12-24,Saturday,24,12,December,4,Q4,2022,1,0
20221225,2022-12-25,Sunday,25,12,December,4,Q4,2022,1,0
20221226,2022-12-26,Monday,26,12,December,4,Q4,2022,0,0
20221227,2022-12-27,Tuesday,27,12,December,4,Q4,2022,0,0
20221228,2022-12-28,Wednesday,28,12,December,4,Q4,2022,0,0
20221229,2022-12-29,Thursday,29,12,December,4,Q4,2022,0,0
20221230,2022-12-30,Friday,30,12,December,4,Q4,2022,0,0
20221231,2022-12-31,Saturday,31,12,December,4,Q4,2022,1,1
20230101,2023-01-01,Sunday,1,1,January,1,Q1,2023,1,0
20230102,2023-01-02,Monday,2,1,January,1,Q1,2023,0,0
20230103,2023-01-03,Tuesday,3,1,January,1,Q1,2023,0,0
20230104,2023-01-04,Wednesday,4,1,January,1,Q1,2023,0,0
20230105,2023-01-05,Thursday,5,1,January,1,Q1,2023,0,0
20230106,2023-01-06,Friday,6,1,January,1,Q1,2023,0,0
20230107,2023-01-07,Saturday,7,1,January,1,Q1,2023,1,0
20230108,2023-01-08,Sunday,8,1,January,1,Q1,2023,1,0
20230109,2023-01-09,Monday,9,1,January,1,Q1,2023,0,0
20230110,2023-01-10,Tuesday,10,1,January,1,Q1,2023,0,0
20230111,2023-01-11,Wednesday,11,1,January,1,Q1,2023,0,0
20230112,2023-01-12,Thursday,12,1,January,1,Q1,2023,0,0
20230113,2023-01-13,Friday,13,1,January,1,Q1,2023,0,0
20230114,2023-01-14,Saturday,14,1,January,1,Q1,2023,1,0
20230115,2023-01-15,Sunday,15,1,January,1,Q1,2023,1,0
20230116,2023-01-16,Monday,16,1,January,1,Q1,2023,0,0
20230117,2023-01-17,Tuesday,17,1,January,1,Q1,2023,0,0
20230118,2023-01-18,Wednesday,18,1,January,1,Q1,2023,0,0
20230119,2023-01-19,Thursday,19,1,January,1,Q1,2023,0,0
20230120,2023-01-20,Friday,20,1,January,1,Q1,2023,0,0
20230121,2023-01-21,Saturday,21,1,January,1,Q1,2023,1,0
20230122,2023-01-22,Sunday,22,1,January,1,Q1,2023,1,0
20230123,2023-01-23,Monday,23,1,January,1,Q1,2023,0,0
20230124,2023-01-24,Tuesday,24,1,January,1,Q1,2023,0,0
20230125,2023-01-25,Wednesday,25,1,January,1,Q1,2023,0,0
20230126,2023-01-26,Thursday,26,1,January,1,Q1,2023,0,0
20230127,2023-01-27,Friday,27,1,January,1,Q1,2023,0,0
20230128,2023-01-28,Saturday,28,1,January,1,Q1,2023,1,0
20230129,2023-01-29,Sunday,29,1,January,1,Q1,2023,1,0
20230130,2023-01-30,Monday,30,1,January,1,Q1,2023,0,0
20230131,2023-01-31,Tuesday,31,1,January,1,Q1,2023,0,1
20230201,2023-02-01,Wednesday,1,2,February,1,Q1,2023,0,0
20230202,2023-02-02,Thursday,2,2,February,1,Q1,2023,0,0
20230203,2023-02-03,Friday,3,2,February,1,Q1,2023,0,0
20230204,2023-02-04,Saturday,4,2,February,1,Q1,2023,1,0
20230205,2023-02-05,Sunday,5,2,February,1,Q1,2023,1,0
20230206,2023-02-06,Monday,6,2,February,1,Q1,2023,0,0
20230207,2023-02-07,Tuesday,7,2,February,1,Q1,2023,0,0
20230208,2023-02-08,Wednesday,8,2,February,1,Q1,2023,0,0
20230209,2023-02-09,Thursday,9,2,February,1,Q1,2023,0,0
20230210,2023-02-10,Friday,10,2,February,1,Q1,2023,0,0
20230211,2023-02-11,Saturday,11,2,February,1,Q1,2023,1,0
20230212,2023-02-12,Sunday,12,2,February,1,Q1,2023,1,0
20230213,2023-02-13,Monday,13,2,February,1,Q1,2023,0,0
20230214,2023-02-14,Tuesday,14,2,February,1,Q1,2023,0,0
20230215,2023-02-15,Wednesday,15,2,February,1,Q1,2023,0,0
20230216,2023-02-16,Thursday,16,2,February,1,Q1,2023,0,0
20230217,2023-02-17,Friday,17,2,February,1,Q1,2023,0,0
20230218,2023-02-18,Saturday,18,2,February,1,Q1,2023,1,0
20230219,2023-02-19,Sunday,19,2,February,1,Q1,2023,1,0
20230220,2023-02-20,Monday,20,2,February,1,Q1,2023,0,0
20230221,2023-02-21,Tuesday,21,2,February,1,Q1,2023,0,0
20230222,2023-02-22,Wednesday,22,2,February,1,Q1,2023,0,0
20230223,2023-02-23,Thursday,23,2,February,1,Q1,2023,0,0
20230224,2023-02-24,Friday,24,2,February,1,Q1,2023,0,0
20230225,2023-02-25,Saturday,25,2,February,1,Q1,2023,1,0
20230226,2023-02-26,Sunday,26,2,February,1,Q1,2023,1,0
20230227,2023-02-27,Monday,27,2,February,1,Q1,2023,0,0
20230228,2023-02-28,Tuesday,28,2,February,1,Q1,2023,0,1
20230301,2023-03-01,Wednesday,1,3,March,1,Q1,2023,0,0
20230302,2023-03-02,Thursday,2,3,March,1,Q1,2023,0,0
20230303,2023-03-03,Friday,3,3,March,1,Q1,2023,0,0
20230304,2023-03-04,Saturday,4,3,March,1,Q1,2023,1,0
20230305,2023-03-05,Sunday,5,3,March,1,Q1,2023,1,0
20230306,2023-03-06,Monday,6,3,March,1,Q1,2023,0,0
20230307,2023-03-07,Tuesday,7,3,March,1,Q1,2023,0,0
20230308,2023-03-08,Wednesday,8,3,March,1,Q1,2023,0,0
20230309,2023-03-09,Thursday,9,3,March,1,Q1,2023,0,0
20230310,2023-03-10,Friday,10,3,March,1,Q1,2023,0,0
20230311,2023-03-11,Saturday,11,3,March,1,Q1,2023,1,0
20230312,2023-03-12,Sunday,12,3,March,1,Q1,2023,1,0
20230313,2023-03-13,Monday,13,3,March,1,Q1,2023,0,0
20230314,2023-03-14,Tuesday,14,3,March,1,Q1,2023,0,0
20230315,2023-03-15,Wednesday,15,3,March,1,Q1,2023,0,0
20230316,2023-03-16,Thursday,16,3,March,1,Q1,2023,0,0
20230317,2023-03-17,Friday,17,3,March,1,Q1,2023,0,0
20230318,2023-03-18,Saturday,18,3,March,1,Q1,2023,1,0
20230319,2023-03-19,Sunday,19,3,March,1,Q1,2023,1,0
20230320,2023-03-20,Monday,20,3,March,1,Q1,2023,0,0
20230321,2023-03-21,Tuesday,21,3,March,1,Q1,2023,0,0
20230322,2023-03-22,Wednesday,22,3,March,1,Q1,2023,0,0
20230323,2023-03-23,Thursday,23,3,March,1,Q1,2023,0,0
20230324,2023-03-24,Friday,24,3,March,1,Q1,2023,0,0
20230325,2023-03-25,Saturday,25,3,March,1,Q1,2023,1,0
20230326,2023-03-26,Sunday,26,3,March,1,Q1,2023,1,0
20230327,2023-03-27,Monday,27,3,March,1,Q1,2023,0,0
20230328,2023-03-28,Tuesday,28,3,March,1,Q1,2023,0,0
20230329,2023-03-29,Wednesday,29,3,March,1,Q1,2023,0,0
20230330,2023-03-30,Thursday,30,3,March,1,Q1,2023,0,0
20230331,2023-03-31,Friday,31,3,March,1,Q1,2023,0,1
20230401,2023-04-01,Saturday,1,4,April,2,Q2,2023,1,0
20230402,2023-04-02,Sunday,2,4,April,2,Q2,2023,1,0
20230403,2023-04-03,Monday,3,4,April,2,Q2,2023,0,0
20230404,2023-04-04,Tuesday,4,4,April,2,Q2,2023,0,0
20230405,2023-04-05,Wednesday,5,4,April,2,Q2,2023,0,0
20230406,2023-04-06,Thursday,6,4,April,2,Q2,2023,0,0
20230407,2023-04-07,Friday,7,4,April,2,Q2,2023,0,0
20230408,2023-04-08,Saturday,8,4,April,2,Q2,2023,1,0
20230409,2023-04-09,Sunday,9,4,April,2,Q2,2023,1,0
20230410,2023-04-10,Monday,10,4,April,2,Q2,2023,0,0
20230411,2023-04-11,Tuesday,11,4,April,2,Q2,2023,0,0
20230412,2023-04-12,Wednesday,12,4,April,2,Q2,2023,0,0
20230413,2023-04-13,Thursday,13,4,April,2,Q2,2023,0,0
20230414,2023-04-14,Friday,14,4,April,2,Q2,2023,0,0
20230415,2023-04-15,Saturday,15,4,April,2,Q2,2023,1,0
20230416,2023-04-16,Sunday,16,4,April,2,Q2,2023,1,0
20230417,2023-04-17,Monday,17,4,April,2,Q2,2023,0,0
20230418,2023-04-18,Tuesday,18,4,April,2,Q2,2023,0,0
20230419,2023-04-19,Wednesday,19,4,April,2,Q2,2023,0,0
20230420,2023-04-20,Thursday,20,4,April,2,Q2,2023,0,0
20230421,2023-04-21,Friday,21,4,April,2,Q2,2023,0,0
20230422,2023-04-22,Saturday,22,4,April,2,Q2,2023,1,0
20230423,2023-04-23,Sunday,23,4,April,2,Q2,2023,1,0
20230424,2023-04-24,Monday,24,4,April,2,Q2,2023,0,0
20230425,2023-04-25,Tuesday,25,4,April,2,Q2,2023,0,0
20230426,2023-04-26,Wednesday,26,4,April,2,Q2,2023,0,0
20230427,2023-04-27,Thursday,27,4,April,2,Q2,2023,0,0
20230428,2023-04-28,Friday,28,4,April,2,Q2,2023,0,0
20230429,2023-04-29,Saturday,29,4,April,2,Q2,2023,1,0
20230430,2023-04-30,Sunday,30,4,April,2,Q2,2023,1,1
20230501,2023-05-01,Monday,1,5,May,2,Q2,2023,0,0
20230502,2023-05-02,Tuesday,2,5,May,2,Q2,2023,0,0
20230503,2023-05-03,Wednesday,3,5,May,2,Q2,2023,0,0
20230504,2023-05-04,Thursday,4,5,May,2,Q2,2023,0,0
20230505,2023-05-05,Friday,5,5,May,2,Q2,2023,0,0
20230506,2023-05-06,Saturday,6,5,May,2,Q2,2023,1,0
20230507,2023-05-07,Sunday,7,5,May,2,Q2,2023,1,0
20230508,2023-05-08,Monday,8,5,May,2,Q2,2023,0,0
20230509,2023-05-09,Tuesday,9,5,May,2,Q2,2023,0,0
20230510,2023-05-10,Wednesday,10,5,May,2,Q2,2023,0,0
20230511,2023-05-11,Thursday,11,5,May,2,Q2,2023,0,0
20230512,2023-05-12,Friday,12,5,May,2,Q2,2023,0,0
20230513,2023-05-13,Saturday,13,5,May,2,Q2,2023,1,0
20230514,2023-05-14,Sunday,14,5,May,2,Q2,2023,1,0
20230515,2023-05-15,Monday,15,5,May,2,Q2,2023,0,0
20230516,2023-05-16,Tuesday,16,5,May,2,Q2,2023,0,0
20230517,2023-05-17,Wednesday,17,5,May,2,Q2,2023,0,0
20230518,2023-05-18,Thursday,18,5,May,2,Q2,2023,0,0
20230519,2023-05-19,Friday,19,5,May,2,Q2,2023,0,0
20230520,2023-05-20,Saturday,20,5,May,2,Q2,2023,1,0
20230521,2023-05-21,Sunday,21,5,May,2,Q2,2023,1,0
20230522,2023-05-22,Monday,22,5,May,2,Q2,2023,0,0
20230523,2023-05-23,Tuesday,23,5,May,2,Q2,2023,0,0
20230524,2023-05-24,Wednesday,24,5,May,2,Q2,2023,0,0
20230525,2023-05-25,Thursday,25,5,May,2,Q2,2023,0,0
20230526,2023-05-26,Friday,26,5,May,2,Q2,2023,0,0
20230527,2023-05-27,Saturday,27,5,May,2,Q2,2023,1,0
20230528,2023-05-28,Sunday,28,5,May,2,Q2,2023,1,0
20230529,2023-05-29,Monday,29,5,May,2,Q2,2023,0,0
20230530,2023-05-30,Tuesday,30,5,May,2,Q2,2023,0,0
20230531,2023-05-31,Wednesday,31,5,May,2,Q2,2023,0,1
20230601,2023-06-01,Thursday,1,6,June,2,Q2,2023,0,0
20230602,2023-06-02,Friday,2,6,June,2,Q2,2023,0,0
20230603,2023-06-03,Saturday,3,6,June,2,Q2,2023,1,0
20230604,2023-06-04,Sunday,4,6,June,2,Q2,2023,1,0
20230605,2023-06-05,Monday,5,6,June,2,Q2,2023,0,0
20230606,2023-06-06,Tuesday,6,6,June,2,Q2,2023,0,0
20230607,2023-06-07,Wednesday,7,6,June,2,Q2,2023,0,0
20230608,2023-06-08,Thursday,8,6,June,2,Q2,2023,0,0
20230609,2023-06-09,Friday,9,6,June,2,Q2,2023,0,0
20230610,2023-06-10,Saturday,10,6,June,2,Q2,2023,1,0
20230611,2023-06-11,Sunday,11,6,June,2,Q2,2023,1,0
20230612,2023-06-12,Monday,12,6,June,2,Q2,2023,0,0
20230613,2023-06-13,Tuesday,13,6,June,2,Q2,2023,0,0
20230614,2023-06-14,Wednesday,14,6,June,2,Q2,2023,0,0
20230615,2023-06-15,Thursday,15,6,June,2,Q2,2023,0,0
20230616,2023-06-16,Friday,16,6,June,2,Q2,2023,0,0
20230617,2023-06-17,Saturday,17,6,June,2,Q2,2023,1,0
20230618,2023-06-18,Sunday,18,6,June,2,Q2,2023,1,0
20230619,2023-06-19,Monday,19,6,June,2,Q2,2023,0,0
20230620,2023-06-20,Tuesday,20,6,June,2,Q2,2023,0,0
20230621,2023-06-21,Wednesday,21,6,June,2,Q2,2023,0,0
20230622,2023-06-22,Thursday,22,6,June,2,Q2,2023,0,0
20230623,2023-06-23,Friday,23,6,June,2,Q2,2023,0,0
20230624,2023-06-24,Saturday,24,6,June,2,Q2,2023,1,0
20230625,2023-06-25,Sunday,25,6,June,2,Q2,2023,1,0
20230626,2023-06-26,Monday,26,6,June,2,Q2,2023,0,0
20230627,2023-06-27,Tuesday,27,6,June,2,Q2,2023,0,0
20230628,2023-06-28,Wednesday,28,6,June,2,Q2,2023,0,0
20230629,2023-06-29,Thursday,29,6,June,2,Q2,2023,0,0
20230630,2023-06-30,Friday,30,6,June,2,Q2,2023,0,1
20230701,2023-07-01,Saturday,1,7,July,3,Q3,2023,1,0
20230702,2023-07-02,Sunday,2,7,July,3,Q3,2023,1,0
20230703,2023-07-03,Monday,3,7,July,3,Q3,2023,0,0
20230704,2023-07-04,Tuesday,4,7,July,3,Q3,2023,0,0
20230705,2023-07-05,Wednesday,5,7,July,3,Q3,2023,0,0
20230706,2023-07-06,Thursday,6,7,July,3,Q3,2023,0,0
20230707,2023-07-07,Friday,7,7,July,3,Q3,2023,0,0
20230708,2023-07-08,Saturday,8,7,July,3,Q3,2023,1,0
20230709,2023-07-09,Sunday,9,7,July,3,Q3,2023,1,0
20230710,2023-07-10,Monday,10,7,July,3,Q3,2023,0,0
20230711,2023-07-11,Tuesday,11,7,July,3,Q3,2023,0,0
20230712,2023-07-12,Wednesday,12,7,July,3,Q3,2023,0,0
20230713,2023-07-13,Thursday,13,7,July,3,Q3,2023,0,0
20230714,2023-07-14,Friday,14,7,July,3,Q3,2023,0,0
20230715,2023-07-15,Saturday,15,7,July,3,Q3,2023,1,0
20230716,2023-07-16,Sunday,16,7,July,3,Q3,2023,1,0
20230717,2023-07-17,Monday,17,7,July,3,Q3,2023,0,0
20230718,2023-07-18,Tuesday,18,7,July,3,Q3,2023,0,0
20230719,2023-07-19,Wednesday,19,7,July,3,Q3,2023,0,0
20230720,2023-07-20,Thursday,20,7,July,3,Q3,2023,0,0
20230721,2023-07-21,Friday,21,7,July,3,Q3,2023,0,0
20230722,2023-07-22,Saturday,22,7,July,3,Q3,2023,1,0
20230723,2023-07-23,Sunday,23,7,July,3,Q3,2023,1,0
20230724,2023-07-24,Monday,24,7,July,3,Q3,2023,0,0
20230725,2023-07-25,Tuesday,25,7,July,3,Q3,2023,0,0
20230726,2023-07-26,Wednesday,26,7,July,3,Q3,2023,0,0
20230727,2023-07-27,Thursday,27,7,July,3,Q3,2023,0,0
20230728,2023-07-28,Friday,28,7,July,3,Q3,2023,0,0
20230729,2023-07-29,Saturday,29,7,July,3,Q3,2023,1,0
20230730,2023-07-30,Sunday,30,7,July,3,Q3,2023,1,0
20230731,2023-07-31,Monday,31,7,July,3,Q3,2023,0,1
20230801,2023-08-01,Tuesday,1,8,August,3,Q3,2023,0,0
20230802,2023-08-02,Wednesday,2,8,August,3,Q3,2023,0,0
20230803,2023-08-03,Thursday,3,8,August,3,Q3,2023,0,0
20230804,2023-08-04,Friday,4,8,August,3,Q3,2023,0,0
20230805,2023-08-05,Saturday,5,8,August,3,Q3,2023,1,0
20230806,2023-08-06,Sunday,6,8,August,3,Q3,2023,1,0
20230807,2023-08-07,Monday,7,8,August,3,Q3,2023,0,0
20230808,2023-08-08,Tuesday,8,8,August,3,Q3,2023,0,0
20230809,2023-08-09,Wednesday,9,8,August,3,Q3,2023,0,0
20230810,2023-08-10,Thursday,10,8,August,3,Q3,2023,0,0
20230811,2023-08-11,Friday,11,8,August,3,Q3,2023,0,0
20230812,2023-08-12,Saturday,12,8,August,3,Q3,2023,1,0
20230813,2023-08-13,Sunday,13,8,August,3,Q3,2023,1,0
20230814,2023-08-14,Monday,14,8,August,3,Q3,2023,0,0
20230815,2023-08-15,Tuesday,15,8,August,3,Q3,2023,0,0
20230816,2023-08-16,Wednesday,16,8,August,3,Q3,2023,0,0
20230817,2023-08-17,Thursday,17,8,August,3,Q3,2023,0,0
20230818,2023-08-18,Friday,18,8,August,3,Q3,2023,0,0
20230819,2023-08-19,Saturday,19,8,August,3,Q3,2023,1,0
20230820,2023-08-20,Sunday,20,8,August,3,Q3,2023,1,0
20230821,2023-08-21,Monday,21,8,August,3,Q3,2023,0,0
20230822,2023-08-22,Tuesday,22,8,August,3,Q3,2023,0,0
20230823,2023-08-23,Wednesday,23,8,August,3,Q3,2023,0,0
20230824,2023-08-24,Thursday,24,8,August,3,Q3,2023,0,0
20230825,2023-08-25,Friday,25,8,August,3,Q3,2023,0,0
20230826,2023-08-26,Saturday,26,8,August,3,Q3,2023,1,0
20230827,2023-08-27,Sunday,27,8,August,3,Q3,2023,1,0
20230828,2023-08-28,Monday,28,8,August,3,Q3,2023,0,0
20230829,2023-08-29,Tuesday,29,8,August,3,Q3,2023,0,0
20230830,2023-08-30,Wednesday,30,8,August,3,Q3,2023,0,0
20230831,2023-08-31,Thursday,31,8,August,3,Q3,2023,0,1
20230901,2023-09-01,Friday,1,9,September,3,Q3,2023,0,0
20230902,2023-09-02,Saturday,2,9,September,3,Q3,2023,1,0
20230903,2023-09-03,Sunday,3,9,September,3,Q3,2023,1,0
20230904,2023-09-04,Monday,4,9,September,3,Q3,2023,0,0
20230905,2023-09-05,Tuesday,5,9,September,3,Q3,2023,0,0
20230906,2023-09-06,Wednesday,6,9,September,3,Q3,2023,0,0
20230907,2023-09-07,Thursday,7,9,September,3,Q3,2023,0,0
20230908,2023-09-08,Friday,8,9,September,3,Q3,2023,0,0
20230909,2023-09-09,Saturday,9,9,September,3,Q3,2023,1,0
20230910,2023-09-10,Sunday,10,9,September,3,Q3,2023,1,0
20230911,2023-09-11,Monday,11,9,September,3,Q3,2023,0,0
20230912,2023-09-12,Tuesday,12,9,September,3,Q3,2023,0,0
20230913,2023-09-13,Wednesday,13,9,September,3,Q3,2023,0,0
20230914,2023-09-14,Thursday,14,9,September,3,Q3,2023,0,0
20230915,2023-09-15,Friday,15,9,September,3,Q3,2023,0,0
20230916,2023-09-16,Saturday,16,9,September,3,Q3,2023,1,0
20230917,2023-09-17,Sunday,17,9,September,3,Q3,2023,1,0
20230918,2023-09-18,Monday,18,9,September,3,Q3,2023,0,0
20230919,2023-09-19,Tuesday,19,9,September,3,Q3,2023,0,0
20230920,2023-09-20,Wednesday,20,9,September,3,Q3,2023,0,0
20230921,2023-09-21,Thursday,21,9,September,3,Q3,2023,0,0
20230922,2023-09-22,Friday,22,9,September,3,Q3,2023,0,0
20230923,2023-09-23,Saturday,23,9,September,3,Q3,2023,1,0
20230924,2023-09-24,Sunday,24,9,September,3,Q3,2023,1,0
20230925,2023-09-25,Monday,25,9,September,3,Q3,2023,0,0
20230926,2023-09-26,Tuesday,26,9,September,3,Q3,2023,0,0
20230927,2023-09-27,Wednesday,27,9,September,3,Q3,2023,0,0
20230928,2023-09-28,Thursday,28,9,September,3,Q3,2023,0,0
20230929,2023-09-29,Friday,29,9,September,3,Q3,2023,0,0
20230930,2023-09-30,Saturday,30,9,September,3,Q3,2023,1,1
20231001,2023-10-01,Sunday,1,10,October,4,Q4,2023,1,0
20231002,2023-10-02,Monday,2,10,October,4,Q4,2023,0,0
20231003,2023-10-03,Tuesday,3,10,October,4,Q4,2023,0,0
20231004,2023-10-04,Wednesday,4,10,October,4,Q4,2023,0,0
20231005,2023-10-05,Thursday,5,10,October,4,Q4,2023,0,0
20231006,2023-10-06,Friday,6,10,October,4,Q4,2023,0,0
20231007,2023-10-07,Saturday,7,10,October,4,Q4,2023,1,0
20231008,2023-10-08,Sunday,8,10,October,4,Q4,2023,1,0
20231009,2023-10-09,Monday,9,10,October,4,Q4,2023,0,0
20231010,2023-10-10,Tuesday,10,10,October,4,Q4,2023,0,0
20231011,2023-10-11,Wednesday,11,10,October,4,Q4,2023,0,0
20231012,2023-10-12,Thursday,12,10,October,4,Q4,2023,0,0
20231013,2023-10-13,Friday,13,10,October,4,Q4,2023,0,0
20231014,2023-10-14,Saturday,14,10,October,4,Q4,2023,1,0
20231015,2023-10-15,Sunday,15,10,October,4,Q4,2023,1,0
20231016,2023-10-16,Monday,16,10,October,4,Q4,2023,0,0
20231017,2023-10-17,Tuesday,17,10,October,4,Q4,2023,0,0
20231018,2023-10-18,Wednesday,18,10,October,4,Q4,2023,0,0
20231019,2023-10-19,Thursday,19,10,October,4,Q4,2023,0,0
20231020,2023-10-20,Friday,20,10,October,4,Q4,2023,0,0
20231021,2023-10-21,Saturday,21,10,October,4,Q4,2023,1,0
20231022,2023-10-22,Sunday,22,10,October,4,Q4,2023,1,0
20231023,2023-10-23,Monday,23,10,October,4,Q4,2023,0,0
20231024,2023-10-24,Tuesday,24,10,October,4,Q4,2023,0,0
20231025,2023-10-25,Wednesday,25,10,October,4,Q4,2023,0,0
20231026,2023-10-26,Thursday,26,10,October,4,Q4,2023,0,0
20231027,2023-10-27,Friday,27,10,October,4,Q4,2023,0,0
20231028,2023-10-28,Saturday,28,10,October,4,Q4,2023,1,0
20231029,2023-10-29,Sunday,29,10,October,4,Q4,2023,1,0
20231030,2023-10-30,Monday,30,10,October,4,Q4,2023,0,0
20231031,2023-10-31,Tuesday,31,10,October,4,Q4,2023,0,1
20231101,2023-11-01,Wednesday,1,11,November,4,Q4,2023,0,0
20231102,2023-11-02,Thursday,2,11,November,4,Q4,2023,0,0
20231103,2023-11-03,Friday,3,11,November,4,Q4,2023,0,0
20231104,2023-11-04,Saturday,4,11,November,4,Q4,2023,1,0
20231105,2023-11-05,Sunday,5,11,November,4,Q4,2023,1,0
20231106,2023-11-06,Monday,6,11,November,4,Q4,2023,0,0
20231107,2023-11-07,Tuesday,7,11,November,4,Q4,2023,0,0
20231108,2023-11-08,Wednesday,8,11,November,4,Q4,2023,0,0
20231109,2023-11-09,Thursday,9,11,November,4,Q4,2023,0,0
20231110,2023-11-10,Friday,10,11,November,4,Q4,2023,0,0
20231111,2023-11-11,Saturday,11,11,November,4,Q4,2023,1,0
20231112,2023-11-12,Sunday,12,11,November,4,Q4,2023,1,0
20231113,2023-11-13,Monday,13,11,November,4,Q4,2023,0,0
20231114,2023-11-14,Tuesday,14,11,November,4,Q4,2023,0,0
20231115,2023-11-15,Wednesday,15,11,November,4,Q4,2023,0,0
20231116,2023-11-16,Thursday,16,11,November,4,Q4,2023,0,0
20231117,2023-11-17,Friday,17,11,November,4,Q4,2023,0,0
20231118,2023-11-18,Saturday,18,11,November,4,Q4,2023,1,0
20231119,2023-11-19,Sunday,19,11,November,4,Q4,2023,1,0
20231120,2023-11-20,Monday,20,11,November,4,Q4,2023,0,0
20231121,2023-11-21,Tuesday,21,11,November,4,Q4,2023,0,0
20231122,2023-11-22,Wednesday,22,11,November,4,Q4,2023,0,0
20231123,2023-11-23,Thursday,23,11,November,4,Q4,2023,0,0
20231124,2023-11-24,Friday,24,11,November,4,Q4,2023,0,0
20231125,2023-11-25,Saturday,25,11,November,4,Q4,2023,1,0
20231126,2023-11-26,Sunday,26,11,November,4,Q4,2023,1,0
20231127,2023-11-27,Monday,27,11,November,4,Q4,2023,0,0
20231128,2023-11-28,Tuesday,28,11,November,4,Q4,2023,0,0
20231129,2023-11-29,Wednesday,29,11,November,4,Q4,2023,0,0
20231130,2023-11-30,Thursday,30,11,November,4,Q4,2023,0,1
20231201,2023-12-01,Friday,1,12,December,4,Q4,2023,0,0
20231202,2023-12-02,Saturday,2,12,December,4,Q4,2023,1,0
20231203,2023-12-03,Sunday,3,12,December,4,Q4,2023,1,0
20231204,2023-12-04,Monday,4,12,December,4,Q4,2023,0,0
20231205,2023-12-05,Tuesday,5,12,December,4,Q4,2023,0,0
20231206,2023-12-06,Wednesday,6,12,December,4,Q4,2023,0,0
20231207,2023-12-07,Thursday,7,12,December,4,Q4,2023,0,0
20231208,2023-12-08,Friday,8,12,December,4,Q4,2023,0,0
20231209,2023-12-09,Saturday,9,12,December,4,Q4,2023,1,0
20231210,2023-12-10,Sunday,10,12,December,4,Q4,2023,1,0
20231211,2023-12-11,Monday,11,12,December,4,Q4,2023,0,0
20231212,2023-12-12,Tuesday,12,12,December,4,Q4,2023,0,0
20231213,2023-12-13,Wednesday,13,12,December,4,Q4,2023,0,0
20231214,2023-12-14,Thursday,14,12,December,4,Q4,2023,0,0
20231215,2023-12-15,Friday,15,12,December,4,Q4,2023,0,0
20231216,2023-12-16,Saturday,16,12,December,4,Q4,2023,1,0
20231217,2023-12-17,Sunday,17,12,December,4,Q4,2023,1,0
20231218,2023-12-18,Monday,18,12,December,4,Q4,2023,0,0
20231219,2023-12-19,Tuesday,19,12,December,4,Q4,2023,0,0
20231220,2023-12-20,Wednesday,20,12,December,4,Q4,2023,0,0
20231221,2023-12-21,Thursday,21,12,December,4,Q4,2023,0,0
20231222,2023-12-22,Friday,22,12,December,4,Q4,2023,0,0
20231223,2023-12-23,Saturday,23,12,December,4,Q4,2023,1,0
20231224,2023-12-24,Sunday,24,12,December,4,Q4,2023,1,0
20231225,2023-12-25,Monday,25,12,December,4,Q4,2023,0,0
20231226,2023-12-26,Tuesday,26,12,December,4,Q4,2023,0,0
20231227,2023-12-27,Wednesday,27,12,December,4,Q4,2023,0,0
20231228,2023-12-28,Thursday,28,12,December,4,Q4,2023,0,0
20231229,2023-12-29,Friday,29,12,December,4,Q4,2023,0,0
20231230,2023-12-30,Saturday,30,12,December,4,Q4,2023,1,0
20231231,2023-12-31,Sunday,31,12,December,4,Q4,2023,1,1
20240101,2024-01-01,Monday,1,1,January,1,Q1,2024,0,0
20240102,2024-01-02,Tuesday,2,1,January,1,Q1,2024,0,0
20240103,2024-01-03,Wednesday,3,1,January,1,Q1,2024,0,0
20240104,2024-01-04,Thursday,4,1,January,1,Q1,2024,0,0
20240105,2024-01-05,Friday,5,1,January,1,Q1,2024,0,0
20240106,2024-01-06,Saturday,6,1,January,1,Q1,2024,1,0
20240107,2024-01-07,Sunday,7,1,January,1,Q1,2024,1,0
20240108,2024-01-08,Monday,8,1,January,1,Q1,2024,0,0
20240109,2024-01-09,Tuesday,9,1,January,1,Q1,2024,0,0
20240110,2024-01-10,Wednesday,10,1,January,1,Q1,2024,0,0
20240111,2024-01-11,Thursday,11,1,January,1,Q1,2024,0,0
20240112,2024-01-12,Friday,12,1,January,1,Q1,2024,0,0
20240113,2024-01-13,Saturday,13,1,January,1,Q1,2024,1,0
20240114,2024-01-14,Sunday,14,1,January,1,Q1,2024,1,0
20240115,2024-01-15,Monday,15,1,January,1,Q1,2024,0,0
20240116,2024-01-16,Tuesday,16,1,January,1,Q1,2024,0,0
20240117,2024-01-17,Wednesday,17,1,January,1,Q1,2024,0,0
20240118,2024-01-18,Thursday,18,1,January,1,Q1,2024,0,0
20240119,2024-01-19,Friday,19,1,January,1,Q1,2024,0,0
20240120,2024-01-20,Saturday,20,1,January,1,Q1,2024,1,0
20240121,2024-01-21,Sunday,21,1,January,1,Q1,2024,1,0
20240122,2024-01-22,Monday,22,1,January,1,Q1,2024,0,0
20240123,2024-01-23,Tuesday,23,1,January,1,Q1,2024,0,0
20240124,2024-01-24,Wednesday,24,1,January,1,Q1,2024,0,0
20240125,2024-01-25,Thursday,25,1,January,1,Q1,2024,0,0
20240126,2024-01-26,Friday,26,1,January,1,Q1,2024,0,0
20240127,2024-01-27,Saturday,27,1,January,1,Q1,2024,1,0
20240128,2024-01-28,Sunday,28,1,January,1,Q1,2024,1,0
20240129,2024-01-29,Monday,29,1,January,1,Q1,2024,0,0
20240130,2024-01-30,Tuesday,30,1,January,1,Q1,2024,0,0
20240131,2024-01-31,Wednesday,31,1,January,1,Q1,2024,0,1
20240201,2024-02-01,Thursday,1,2,February,1,Q1,2024,0,0
20240202,2024-02-02,Friday,2,2,February,1,Q1,2024,0,0
20240203,2024-02-03,Saturday,3,2,February,1,Q1,2024,1,0
20240204,2024-02-04,Sunday,4,2,February,1,Q1,2024,1,0
20240205,2024-02-05,Monday,5,2,February,1,Q1,2024,0,0
20240206,2024-02-06,Tuesday,6,2,February,1,Q1,2024,0,0
20240207,2024-02-07,Wednesday,7,2,February,1,Q1,2024,0,0
20240208,2024-02-08,Thursday,8,2,February,1,Q1,2024,0,0
20240209,2024-02-09,Friday,9,2,February,1,Q1,2024,0,0
20240210,2024-02-10,Saturday,10,2,February,1,Q1,2024,1,0
20240211,2024-02-11,Sunday,11,2,February,1,Q1,2024,1,0
20240212,2024-02-12,Monday,12,2,February,1,Q1,2024,0,0
20240213,2024-02-13,Tuesday,13,2,February,1,Q1,2024,0,0
20240214,2024-02-14,Wednesday,14,2,February,1,Q1,2024,0,0
20240215,2024-02-15,Thursday,15,2,February,1,Q1,2024,0,0
20240216,2024-02-16,Friday,16,2,February,1,Q1,2024,0,0
20240217,2024-02-17,Saturday,17,2,February,1,Q1,2024,1,0
20240218,2024-02-18,Sunday,18,2,February,1,Q1,2024,1,0
20240219,2024-02-19,Monday,19,2,February,1,Q1,2024,0,0
20240220,2024-02-20,Tuesday,20,2,February,1,Q1,2024,0,0
20240221,2024-02-21,Wednesday,21,2,February,1,Q1,2024,0,0
20240222,2024-02-22,Thursday,22,2,February,1,Q1,2024,0,0
20240223,2024-02-23,Friday,23,2,February,1,Q1,2024,0,0
20240224,2024-02-24,Saturday,24,2,February,1,Q1,2024,1,0
20240225,2024-02-25,Sunday,25,2,February,1,Q1,2024,1,0
20240226,2024-02-26,Monday,26,2,February,1,Q1,2024,0,0
20240227,2024-02-27,Tuesday,27,2,February,1,Q1,2024,0,0
20240228,2024-02-28,Wednesday,28,2,February,1,Q1,2024,0,0
20240229,2024-02-29,Thursday,29,2,February,1,Q1,2024,0,1
20240301,2024-03-01,Friday,1,3,March,1,Q1,2024,0,0
20240302,2024-03-02,Saturday,2,3,March,1,Q1,2024,1,0
20240303,2024-03-03,Sunday,3,3,March,1,Q1,2024,1,0
20240304,2024-03-04,Monday,4,3,March,1,Q1,2024,0,0
20240305,2024-03-05,Tuesday,5,3,March,1,Q1,2024,0,0
20240306,2024-03-06,Wednesday,6,3,March,1,Q1,2024,0,0
20240307,2024-03-07,Thursday,7,3,March,1,Q1,2024,0,0
20240308,2024-03-08,Friday,8,3,March,1,Q1,2024,0,0
20240309,2024-03-09,Saturday,9,3,March,1,Q1,2024,1,0
20240310,2024-03-10,Sunday,10,3,March,1,Q1,2024,1,0
20240311,2024-03-11,Monday,11,3,March,1,Q1,2024,0,0
20240312,2024-03-12,Tuesday,12,3,March,1,Q1,2024,0,0
20240313,2024-03-13,Wednesday,13,3,March,1,Q1,2024,0,0
20240314,2024-03-14,Thursday,14,3,March,1,Q1,2024,0,0
20240315,2024-03-15,Friday,15,3,March,1,Q1,2024,0,0
20240316,2024-03-16,Saturday,16,3,March,1,Q1,2024,1,0
20240317,2024-03-17,Sunday,17,3,March,1,Q1,2024,1,0
20240318,2024-03-18,Monday,18,3,March,1,Q1,2024,0,0
20240319,2024-03-19,Tuesday,19,3,March,1,Q1,2024,0,0
20240320,2024-03-20,Wednesday,20,3,March,1,Q1,2024,0,0
20240321,2024-03-21,Thursday,21,3,March,1,Q1,2024,0,0
20240322,2024-03-22,Friday,22,3,March,1,Q1,2024,0,0
20240323,2024-03-23,Saturday,23,3,March,1,Q1,2024,1,0
20240324,2024-03-24,Sunday,24,3,March,1,Q1,2024,1,0
20240325,2024-03-25,Monday,25,3,March,1,Q1,2024,0,0
20240326,2024-03-26,Tuesday,26,3,March,1,Q1,2024,0,0
20240327,2024-03-27,Wednesday,27,3,March,1,Q1,2024,0,0
20240328,2024-03-28,Thursday,28,3,March,1,Q1,2024,0,0
20240329,2024-03-29,Friday,29,3,March,1,Q1,2024,0,0
20240330,2024-03-30,Saturday,30,3,March,1,Q1,2024,1,0
20240331,2024-03-31,Sunday,31,3,March,1,Q1,2024,1,1
20240401,2024-04-01,Monday,1,4,April,2,Q2,2024,0,0
20240402,2024-04-02,Tuesday,2,4,April,2,Q2,2024,0,0
20240403,2024-04-03,Wednesday,3,4,April,2,Q2,2024,0,0
20240404,2024-04-04,Thursday,4,4,April,2,Q2,2024,0,0
20240405,2024-04-05,Friday,5,4,April,2,Q2,2024,0,0
20240406,2024-04-06,Saturday,6,4,April,2,Q2,2024,1,0
20240407,2024-04-07,Sunday,7,4,April,2,Q2,2024,1,0
20240408,2024-04-08,Monday,8,4,April,2,Q2,2024,0,0
20240409,2024-04-09,Tuesday,9,4,April,2,Q2,2024,0,0
20240410,2024-04-10,Wednesday,10,4,April,2,Q2,2024,0,0
20240411,2024-04-11,Thursday,11,4,April,2,Q2,2024,0,0
20240412,2024-04-12,Friday,12,4,April,2,Q2,2024,0,0
20240413,2024-04-13,Saturday,13,4,April,2,Q2,2024,1,0
20240414,2024-04-14,Sunday,14,4,April,2,Q2,2024,1,0
20240415,2024-04-15,Monday,15,4,April,2,Q2,2024,0,0
20240416,2024-04-16,Tuesday,16,4,April,2,Q2,2024,0,0
20240417,2024-04-17,Wednesday,17,4,April,2,Q2,2024,0,0
20240418,2024-04-18,Thursday,18,4,April,2,Q2,2024,0,0
20240419,2024-04-19,Friday,19,4,April,2,Q2,2024,0,0
20240420,2024-04-20,Saturday,20,4,April,2,Q2,2024,1,0
20240421,2024-04-21,Sunday,21,4,April,2,Q2,2024,1,0
20240422,2024-04-22,Monday,22,4,April,2,Q2,2024,0,0
20240423,2024-04-23,Tuesday,23,4,April,2,Q2,2024,0,0
20240424,2024-04-24,Wednesday,24,4,April,2,Q2,2024,0,0
20240425,2024-04-25,Thursday,25,4,April,2,Q2,2024,0,0
20240426,2024-04-26,Friday,26,4,April,2,Q2,2024,0,0
20240427,2024-04-27,Saturday,27,4,April,2,Q2,2024,1,0
20240428,2024-04-28,Sunday,28,4,April,2,Q2,2024,1,0
20240429,2024-04-29,Monday,29,4,April,2,Q2,2024,0,0
20240430,2024-04-30,Tuesday,30,4,April,2,Q2,2024,0,1
20240501,2024-05-01,Wednesday,1,5,May,2,Q2,2024,0,0
20240502,2024-05-02,Thursday,2,5,May,2,Q2,2024,0,0
20240503,2024-05-03,Friday,3,5,May,2,Q2,2024,0,0
20240504,2024-05-04,Saturday,4,5,May,2,Q2,2024,1,0
20240505,2024-05-05,Sunday,5,5,May,2,Q2,2024,1,0
20240506,2024-05-06,Monday,6,5,May,2,Q2,2024,0,0
20240507,2024-05-07,Tuesday,7,5,May,2,Q2,2024,0,0
20240508,2024-05-08,Wednesday,8,5,May,2,Q2,2024,0,0
20240509,2024-05-09,Thursday,9,5,May,2,Q2,2024,0,0
20240510,2024-05-10,Friday,10,5,May,2,Q2,2024,0,0
20240511,2024-05-11,Saturday,11,5,May,2,Q2,2024,1,0
20240512,2024-05-12,Sunday,12,5,May,2,Q2,2024,1,0
20240513,2024-05-13,Monday,13,5,May,2,Q2,2024,0,0
20240514,2024-05-14,Tuesday,14,5,May,2,Q2,2024,0,0
20240515,2024-05-15,Wednesday,15,5,May,2,Q2,2024,0,0
20240516,2024-05-16,Thursday,16,5,May,2,Q2,2024,0,0
20240517,2024-05-17,Friday,17,5,May,2,Q2,2024,0,0
20240518,2024-05-18,Saturday,18,5,May,2,Q2,2024,1,0
20240519,2024-05-19,Sunday,19,5,May,2,Q2,2024,1,0
20240520,2024-05-20,Monday,20,5,May,2,Q2,2024,0,0
20240521,2024-05-21,Tuesday,21,5,May,2,Q2,2024,0,0
20240522,2024-05-22,Wednesday,22,5,May,2,Q2,2024,0,0
20240523,2024-05-23,Thursday,23,5,May,2,Q2,2024,0,0
20240524,2024-05-24,Friday,24,5,May,2,Q2,2024,0,0
20240525,2024-05-25,Saturday,25,5,May,2,Q2,2024,1,0
20240526,2024-05-26,Sunday,26,5,May,2,Q2,2024,1,0
20240527,2024-05-27,Monday,27,5,May,2,Q2,2024,0,0
20240528,2024-05-28,Tuesday,28,5,May,2,Q2,2024,0,0
20240529,2024-05-29,Wednesday,29,5,May,2,Q2,2024,0,0
20240530,2024-05-30,Thursday,30,5,May,2,Q2,2024,0,0
20240531,2024-05-31,Friday,31,5,May,2,Q2,2024,0,1
20240601,2024-06-01,Saturday,1,6,June,2,Q2,2024,1,0
20240602,2024-06-02,Sunday,2,6,June,2,Q2,2024,1,0
20240603,2024-06-03,Monday,3,6,June,2,Q2,2024,0,0
20240604,2024-06-04,Tuesday,4,6,June,2,Q2,2024,0,0
20240605,2024-06-05,Wednesday,5,6,June,2,Q2,2024,0,0
20240606,2024-06-06,Thursday,6,6,June,2,Q2,2024,0,0
20240607,2024-06-07,Friday,7,6,June,2,Q2,2024,0,0
20240608,2024-06-08,Saturday,8,6,June,2,Q2,2024,1,0
20240609,2024-06-09,Sunday,9,6,June,2,Q2,2024,1,0
20240610,2024-06-10,Monday,10,6,June,2,Q2,2024,0,0
20240611,2024-06-11,Tuesday,11,6,June,2,Q2,2024,0,0
20240612,2024-06-12,Wednesday,12,6,June,2,Q2,2024,0,0
20240613,2024-06-13,Thursday,13,6,June,2,Q2,2024,0,0
20240614,2024-06-14,Friday,14,6,June,2,Q2,2024,0,0
20240615,2024-06-15,Saturday,15,6,June,2,Q2,2024,1,0
20240616,2024-06-16,Sunday,16,6,June,2,Q2,2024,1,0
20240617,2024-06-17,Monday,17,6,June,2,Q2,2024,0,0
20240618,2024-06-18,Tuesday,18,6,June,2,Q2,2024,0,0
20240619,2024-06-19,Wednesday,19,6,June,2,Q2,2024,0,0
20240620,2024-06-20,Thursday,20,6,June,2,Q2,2024,0,0
20240621,2024-06-21,Friday,21,6,June,2,Q2,2024,0,0
20240622,2024-06-22,Saturday,22,6,June,2,Q2,2024,1,0
20240623,2024-06-23,Sunday,23,6,June,2,Q2,2024,1,0
20240624,2024-06-24,Monday,24,6,June,2,Q2,2024,0,0
20240625,2024-06-25,Tuesday,25,6,June,2,Q2,2024,0,0
20240626,2024-06-26,Wednesday,26,6,June,2,Q2,2024,0,0
20240627,2024-06-27,Thursday,27,6,June,2,Q2,2024,0,0
20240628,2024-06-28,Friday,28,6,June,2,Q2,2024,0,0
20240629,2024-06-29,Saturday,29,6,June,2,Q2,2024,1,0
20240630,2024-06-30,Sunday,30,6,June,2,Q2,2024,1,1
20240701,2024-07-01,Monday,1,7,July,3,Q3,2024,0,0
20240702,2024-07-02,Tuesday,2,7,July,3,Q3,2024,0,0
20240703,2024-07-03,Wednesday,3,7,July,3,Q3,2024,0,0
20240704,2024-07-04,Thursday,4,7,July,3,Q3,2024,0,0
20240705,2024-07-05,Friday,5,7,July,3,Q3,2024,0,0
20240706,2024-07-06,Saturday,6,7,July,3,Q3,2024,1,0
20240707,2024-07-07,Sunday,7,7,July,3,Q3,2024,1,0
20240708,2024-07-08,Monday,8,7,July,3,Q3,2024,0,0
20240709,2024-07-09,Tuesday,9,7,July,3,Q3,2024,0,0
20240710,2024-07-10,Wednesday,10,7,July,3,Q3,2024,0,0
20240711,2024-07-11,Thursday,11,7,July,3,Q3,2024,0,0
20240712,2024-07-12,Friday,12,7,July,3,Q3,2024,0,0
20240713,2024-07-13,Saturday,13,7,July,3,Q3,2024,1,0
20240714,2024-07-14,Sunday,14,7,July,3,Q3,2024,1,0
20240715,2024-07-15,Monday,15,7,July,3,Q3,2024,0,0
20240716,2024-07-16,Tuesday,16,7,July,3,Q3,2024,0,0
20240717,2024-07-17,Wednesday,17,7,July,3,Q3,2024,0,0
20240718,2024-07-18,Thursday,18,7,July,3,Q3,2024,0,0
20240719,2024-07-19,Friday,19,7,July,3,Q3,2024,0,0
20240720,2024-07-20,Saturday,20,7,July,3,Q3,2024,1,0
20240721,2024-07-21,Sunday,21,7,July,3,Q3,2024,1,0
20240722,2024-07-22,Monday,22,7,July,3,Q3,2024,0,0
20240723,2024-07-23,Tuesday,23,7,July,3,Q3,2024,0,0
20240724,2024-07-24,Wednesday,24,7,July,3,Q3,2024,0,0
20240725,2024-07-25,Thursday,25,7,July,3,Q3,2024,0,0
20240726,2024-07-26,Friday,26,7,July,3,Q3,2024,0,0
20240727,2024-07-27,Saturday,27,7,July,3,Q3,2024,1,0
20240728,2024-07-28,Sunday,28,7,July,3,Q3,2024,1,0
20240729,2024-07-29,Monday,29,7,July,3,Q3,2024,0,0
20240730,2024-07-30,Tuesday,30,7,July,3,Q3,2024,0,0
20240731,2024-07-31,Wednesday,31,7,July,3,Q3,2024,0,1
20240801,2024-08-01,Thursday,1,8,August,3,Q3,2024,0,0
20240802,2024-08-02,Friday,2,8,August,3,Q3,2024,0,0
20240803,2024-08-03,Saturday,3,8,August,3,Q3,2024,1,0
20240804,2024-08-04,Sunday,4,8,August,3,Q3,2024,1,0
20240805,2024-08-05,Monday,5,8,August,3,Q3,2024,0,0
20240806,2024-08-06,Tuesday,6,8,August,3,Q3,2024,0,0
20240807,2024-08-07,Wednesday,7,8,August,3,Q3,2024,0,0
20240808,2024-08-08,Thursday,8,8,August,3,Q3,2024,0,0
20240809,2024-08-09,Friday,9,8,August,3,Q3,2024,0,0
20240810,2024-08-10,Saturday,10,8,August,3,Q3,2024,1,0
20240811,2024-08-11,Sunday,11,8,August,3,Q3,2024,1,0
20240812,2024-08-12,Monday,12,8,August,3,Q3,2024,0,0
20240813,2024-08-13,Tuesday,13,8,August,3,Q3,2024,0,0
20240814,2024-08-14,Wednesday,14,8,August,3,Q3,2024,0,0
20240815,2024-08-15,Thursday,15,8,August,3,Q3,2024,0,0
20240816,2024-08-16,Friday,16,8,August,3,Q3,2024,0,0
20240817,2024-08-17,Saturday,17,8,August,3,Q3,2024,1,0
20240818,2024-08-18,Sunday,18,8,August,3,Q3,2024,1,0
20240819,2024-08-19,Monday,19,8,August,3,Q3,2024,0,0
20240820,2024-08-20,Tuesday,20,8,August,3,Q3,2024,0,0
20240821,2024-08-21,Wednesday,21,8,August,3,Q3,2024,0,0
20240822,2024-08-22,Thursday,22,8,August,3,Q3,2024,0,0
20240823,2024-08-23,Friday,23,8,August,3,Q3,2024,0,0
20240824,2024-08-24,Saturday,24,8,August,3,Q3,2024,1,0
20240825,2024-08-25,Sunday,25,8,August,3,Q3,2024,1,0
20240826,2024-08-26,Monday,26,8,August,3,Q3,2024,0,0
20240827,2024-08-27,Tuesday,27,8,August,3,Q3,2024,0,0
20240828,2024-08-28,Wednesday,28,8,August,3,Q3,2024,0,0
20240829,2024-08-29,Thursday,29,8,August,3,Q3,2024,0,0
20240830,2024-08-30,Friday,30,8,August,3,Q3,2024,0,0
20240831,2024-08-31,Saturday,31,8,August,3,Q3,2024,1,1
20240901,2024-09-01,Sunday,1,9,September,3,Q3,2024,1,0
20240902,2024-09-02,Monday,2,9,September,3,Q3,2024,0,0
20240903,2024-09-03,Tuesday,3,9,September,3,Q3,2024,0,0
20240904,2024-09-04,Wednesday,4,9,September,3,Q3,2024,0,0
20240905,2024-09-05,Thursday,5,9,September,3,Q3,2024,0,0
20240906,2024-09-06,Friday,6,9,September,3,Q3,2024,0,0
20240907,2024-09-07,Saturday,7,9,September,3,Q3,2024,1,0
20240908,2024-09-08,Sunday,8,9,September,3,Q3,2024,1,0
20240909,2024-09-09,Monday,9,9,September,3,Q3,2024,0,0
20240910,2024-09-10,Tuesday,10,9,September,3,Q3,2024,0,0
20240911,2024-09-11,Wednesday,11,9,September,3,Q3,2024,0,0
20240912,2024-09-12,Thursday,12,9,September,3,Q3,2024,0,0
20240913,2024-09-13,Friday,13,9,September,3,Q3,2024,0,0
20240914,2024-09-14,Saturday,14,9,September,3,Q3,2024,1,0
20240915,2024-09-15,Sunday,15,9,September,3,Q3,2024,1,0
20240916,2024-09-16,Monday,16,9,September,3,Q3,2024,0,0
20240917,2024-09-17,Tuesday,17,9,September,3,Q3,2024,0,0
20240918,2024-09-18,Wednesday,18,9,September,3,Q3,2024,0,0
20240919,2024-09-19,Thursday,19,9,September,3,Q3,2024,0,0
20240920,2024-09-20,Friday,20,9,September,3,Q3,2024,0,0
20240921,2024-09-21,Saturday,21,9,September,3,Q3,2024,1,0
20240922,2024-09-22,Sunday,22,9,September,3,Q3,2024,1,0
20240923,2024-09-23,Monday,23,9,September,3,Q3,2024,0,0
20240924,2024-09-24,Tuesday,24,9,September,3,Q3,2024,0,0
20240925,2024-09-25,Wednesday,25,9,September,3,Q3,2024,0,0
20240926,2024-09-26,Thursday,26,9,September,3,Q3,2024,0,0
20240927,2024-09-27,Friday,27,9,September,3,Q3,2024,0,0
20240928,2024-09-28,Saturday,28,9,September,3,Q3,2024,1,0
20240929,2024-09-29,Sunday,29,9,September,3,Q3,2024,1,0
20240930,2024-09-30,Monday,30,9,September,3,Q3,2024,0,1
20241001,2024-10-01,Tuesday,1,10,October,4,Q4,2024,0,0
20241002,2024-10-02,Wednesday,2,10,October,4,Q4,2024,0,0
20241003,2024-10-03,Thursday,3,10,October,4,Q4,2024,0,0
20241004,2024-10-04,Friday,4,10,October,4,Q4,2024,0,0
20241005,2024-10-05,Saturday,5,10,October,4,Q4,2024,1,0
20241006,2024-10-06,Sunday,6,10,October,4,Q4,2024,1,0
20241007,2024-10-07,Monday,7,10,October,4,Q4,2024,0,0
20241008,2024-10-08,Tuesday,8,10,October,4,Q4,2024,0,0
20241009,2024-10-09,Wednesday,9,10,October,4,Q4,2024,0,0
20241010,2024-10-10,Thursday,10,10,October,4,Q4,2024,0,0
20241011,2024-10-11,Friday,11,10,October,4,Q4,2024,0,0
20241012,2024-10-12,Saturday,12,10,October,4,Q4,2024,1,0
20241013,2024-10-13,Sunday,13,10,October,4,Q4,2024,1,0
20241014,2024-10-14,Monday,14,10,October,4,Q4,2024,0,0
20241015,2024-10-15,Tuesday,15,10,October,4,Q4,2024,0,0
20241016,2024-10-16,Wednesday,16,10,October,4,Q4,2024,0,0
20241017,2024-10-17,Thursday,17,10,October,4,Q4,2024,0,0
20241018,2024-10-18,Friday,18,10,October,4,Q4,2024,0,0
20241019,2024-10-19,Saturday,19,10,October,4,Q4,2024,1,0
20241020,2024-10-20,Sunday,20,10,October,4,Q4,2024,1,0
20241021,2024-10-21,Monday,21,10,October,4,Q4,2024,0,0
20241022,2024-10-22,Tuesday,22,10,October,4,Q4,2024,0,0
20241023,2024-10-23,Wednesday,23,10,October,4,Q4,2024,0,0
20241024,2024-10-24,Thursday,24,10,October,4,Q4,2024,0,0
20241025,2024-10-25,Friday,25,10,October,4,Q4,2024,0,0
20241026,2024-10-26,Saturday,26,10,October,4,Q4,2024,1,0
20241027,2024-10-27,Sunday,27,10,October,4,Q4,2024,1,0
20241028,2024-10-28,Monday,28,10,October,4,Q4,2024,0,0
20241029,2024-10-29,Tuesday,29,10,October,4,Q4,2024,0,0
20241030,2024-10-30,Wednesday,30,10,October,4,Q4,2024,0,0
20241031,2024-10-31,Thursday,31,10,October,4,Q4,2024,0,1
20241101,2024-11-01,Friday,1,11,November,4,Q4,2024,0,0
20241102,2024-11-02,Saturday,2,11,November,4,Q4,2024,1,0
20241103,2024-11-03,Sunday,3,11,November,4,Q4,2024,1,0
20241104,2024-11-04,Monday,4,11,November,4,Q4,2024,0,0
20241105,2024-11-05,Tuesday,5,11,November,4,Q4,2024,0,0
20241106,2024-11-06,Wednesday,6,11,November,4,Q4,2024,0,0
20241107,2024-11-07,Thursday,7,11,November,4,Q4,2024,0,0
20241108,2024-11-08,Friday,8,11,November,4,Q4,2024,0,0
20241109,2024-11-09,Saturday,9,11,November,4,Q4,2024,1,0
20241110,2024-11-10,Sunday,10,11,November,4,Q4,2024,1,0
20241111,2024-11-11,Monday,11,11,November,4,Q4,2024,0,0
20241112,2024-11-12,Tuesday,12,11,November,4,Q4,2024,0,0
20241113,2024-11-13,Wednesday,13,11,November,4,Q4,2024,0,0
20241114,2024-11-14,Thursday,14,11,November,4,Q4,2024,0,0
20241115,2024-11-15,Friday,15,11,November,4,Q4,2024,0,0
20241116,2024-11-16,Saturday,16,11,November,4,Q4,2024,1,0
20241117,2024-11-17,Sunday,17,11,November,4,Q4,2024,1,0
20241118,2024-11-18,Monday,18,11,November,4,Q4,2024,0,0
20241119,2024-11-19,Tuesday,19,11,November,4,Q4,2024,0,0
20241120,2024-11-20,Wednesday,20,11,November,4,Q4,2024,0,0
20241121,2024-11-21,Thursday,21,11,November,4,Q4,2024,0,0
20241122,2024-11-22,Friday,22,11,November,4,Q4,2024,0,0
20241123,2024-11-23,Saturday,23,11,November,4,Q4,2024,1,0
20241124,2024-11-24,Sunday,24,11,November,4,Q4,2024,1,0
20241125,2024-11-25,Monday,25,11,November,4,Q4,2024,0,0
20241126,2024-11-26,Tuesday,26,11,November,4,Q4,2024,0,0
20241127,2024-11-27,Wednesday,27,11,November,4,Q4,2024,0,0
20241128,2024-11-28,Thursday,28,11,November,4,Q4,2024,0,0
20241129,2024-11-29,Friday,29,11,November,4,Q4,2024,0,0
20241130,2024-11-30,Saturday,30,11,November,4,Q4,2024,1,1
20241201,2024-12-01,Sunday,1,12,December,4,Q4,2024,1,0
20241202,2024-12-02,Monday,2,12,December,4,Q4,2024,0,0
20241203,2024-12-03,Tuesday,3,12,December,4,Q4,2024,0,0
20241204,2024-12-04,Wednesday,4,12,December,4,Q4,2024,0,0
20241205,2024-12-05,Thursday,5,12,December,4,Q4,2024,0,0
20241206,2024-12-06,Friday,6,12,December,4,Q4,2024,0,0
20241207,2024-12-07,Saturday,7,12,December,4,Q4,2024,1,0
20241208,2024-12-08,Sunday,8,12,December,4,Q4,2024,1,0
20241209,2024-12-09,Monday,9,12,December,4,Q4,2024,0,0
20241210,2024-12-10,Tuesday,10,12,December,4,Q4,2024,0,0
20241211,2024-12-11,Wednesday,11,12,December,4,Q4,2024,0,0
20241212,2024-12-12,Thursday,12,12,December,4,Q4,2024,0,0
20241213,2024-12-13,Friday,13,12,December,4,Q4,2024,0,0
20241214,2024-12-14,Saturday,14,12,December,4,Q4,2024,1,0
20241215,2024-12-15,Sunday,15,12,December,4,Q4,2024,1,0
20241216,2024-12-16,Monday,16,12,December,4,Q4,2024,0,0
20241217,2024-12-17,Tuesday,17,12,December,4,Q4,2024,0,0
20241218,2024-12-18,Wednesday,18,12,December,4,Q4,2024,0,0
20241219,2024-12-19,Thursday,19,12,December,4,Q4,2024,0,0
20241220,2024-12-20,Friday,20,12,December,4,Q4,2024,0,0
20241221,2024-12-21,Saturday,21,12,December,4,Q4,2024,1,0
20241222,2024-12-22,Sunday,22,12,December,4,Q4,2024,1,0
20241223,2024-12-23,Monday,23,12,December,4,Q4,2024,0,0
20241224,2024-12-24,Tuesday,24,12,December,4,Q4,2024,0,0
20241225,2024-12-25,Wednesday,25,12,December,4,Q4,2024,0,0
20241226,2024-12-26,Thursday,26,12,December,4,Q4,2024,0,0
20241227,2024-12-27,Friday,27,12,December,4,Q4,2024,0,0
20241228,2024-12-28,Saturday,28,12,December,4,Q4,2024,1,0
20241229,2024-12-29,Sunday,29,12,December,4,Q4,2024,1,0
20241230,2024-12-30,Monday,30,12,December,4,Q4,2024,0,0
20241231,2024-12-31,Tuesday,31,12,December,4,Q4,2024,0,1
20250101,2025-01-01,Wednesday,1,1,January,1,Q1,2025,0,0
20250102,2025-01-02,Thursday,2,1,January,1,Q1,2025,0,0
20250103,2025-01-03,Friday,3,1,January,1,Q1,2025,0,0
20250104,2025-01-04,Saturday,4,1,January,1,Q1,2025,1,0
20250105,2025-01-05,Sunday,5,1,January,1,Q1,2025,1,0
20250106,2025-01-06,Monday,6,1,January,1,Q1,2025,0,0
20250107,2025-01-07,Tuesday,7,1,January,1,Q1,2025,0,0
20250108,2025-01-08,Wednesday,8,1,January,1,Q1,2025,0,0
20250109,2025-01-09,Thursday,9,1,January,1,Q1,2025,0,0
20250110,2025-01-10,Friday,10,1,January,1,Q1,2025,0,0
20250111,2025-01-11,Saturday,11,1,January,1,Q1,2025,1,0
20250112,2025-01-12,Sunday,12,1,January,1,Q1,2025,1,0
20250113,2025-01-13,Monday,13,1,January,1,Q1,2025,0,0
20250114,2025-01-14,Tuesday,14,1,January,1,Q1,2025,0,0
20250115,2025-01-15,Wednesday,15,1,January,1,Q1,2025,0,0
20250116,2025-01-16,Thursday,16,1,January,1,Q1,2025,0,0
20250117,2025-01-17,Friday,17,1,January,1,Q1,2025,0,0
20250118,2025-01-18,Saturday,18,1,January,1,Q1,2025,1,0
20250119,2025-01-19,Sunday,19,1,January,1,Q1,2025,1,0
20250120,2025-01-20,Monday,20,1,January,1,Q1,2025,0,0
20250121,2025-01-21,Tuesday,21,1,January,1,Q1,2025,0,0
20250122,2025-01-22,Wednesday,22,1,January,1,Q1,2025,0,0
20250123,2025-01-23,Thursday,23,1,January,1,Q1,2025,0,0
20250124,2025-01-24,Friday,24,1,January,1,Q1,2025,0,0
20250125,2025-01-25,Saturday,25,1,January,1,Q1,2025,1,0
20250126,2025-01-26,Sunday,26,1,January,1,Q1,2025,1,0
20250127,2025-01-27,Monday,27,1,January,1,Q1,2025,0,0
20250128,2025-01-28,Tuesday,28,1,January,1,Q1,2025,0,0
20250129,2025-01-29,Wednesday,29,1,January,1,Q1,2025,0,0
20250130,2025-01-30,Thursday,30,1,January,1,Q1,2025,0,0
20250131,2025-01-31,Friday,31,1,January,1,Q1,2025,0,1
